student_id,name
1,Danielle
2,Kyle
3,Rebekah
4,Vincent
5,Sharon
6,Joel
7,Brittany
8,Stefanie
9,Melissa
10,Pamela
11,Derrick
12,Dale
13,Kristine
14,Andrea
15,Anthony
16,Tony
17,Anthony
18,Lindsey
19,Michelle
20,Danielle
21,Joel
22,Rodney
23,Danielle
24,Jean
25,Susan
26,David
27,Bryan
28,Tamara
29,Carolyn
30,Micheal
31,Debra
32,Thomas
33,David
34,Tammy
35,Mackenzie
36,Bill
37,Susan
38,Sarah
39,Craig
40,Sarah
41,Amy
42,Dana
43,Antonio
44,Mary
45,Michael
46,John
47,Julie
48,Jeremy
49,Melody
50,Mary
51,Jennifer
52,Cameron
53,Michele
54,Garrett
55,Allen
56,Tracey
57,Charles
58,Miranda
59,Erica
60,Bryan
61,Jacob
62,Allison
63,Bobby
64,Daniel
65,Erika
66,Meghan
67,Brandi
68,Rebecca
69,Anthony
70,Alexandra
71,Brent
72,Rebecca
73,Matthew
74,Michael
75,Steven
76,Donna
77,Christy
78,Jeff
79,Jessica
80,Anna
81,Edward
82,Alexandra
83,Sean
84,Michael
85,Christine
86,Nicole
87,Andrew
88,Logan
89,Tara
90,John
91,Ronald
92,Cindy
93,Keith
94,Jamie
95,John
96,Kevin
97,Logan
98,Justin
99,Sarah
100,David
